e, e_dot, e_int, stamp, 
0.7815897350159049, 0.0, 0.15631794700318097, 51722000000, 
0.7815897350159049, 0.0, 0.15631794700318097, 51722000000, 
0.7815897350159049, 0.0, 0.15631794700318097, 51722000000, 
0.7815897350159049, 0.0, 0.15631794700318097, 51722000000, 
0.7815897350159049, 0.0, 0.15631794700318097, 51722000000, 
0.7815897350159049, 0.0, 0.15631794700318097, 51722000000, 
0.7815897350159049, 0.0, 0.15631794700318097, 51722000000, 
0.7815897350159049, 0.0, 0.15631794700318097, 51722000000, 
0.7993382859276835, 0.05916183637259542, 0.15750118373063288, 76134000000, 
0.7853534552756811, 0.012545734199254088, 0.15775209841461796, 76270000000, 
0.8213712837354339, 0.07344332602583455, 0.16040420166258657, 76542000000, 
0.7802153311301565, -0.017127080485082047, 0.1591293380094181, 76746000000, 
0.8395030016042122, 0.0604390595625944, 0.1627393077646535, 76916000000, 
0.7690684603173872, -0.037156236042564426, 0.15925245287011705, 77120000000, 
0.8122937566326689, -0.0906974832384777, 0.16139101457028454, 77324000000, 
0.6892264098488965, -0.2661401682283023, 0.15137257511993016, 77528000000, 
0.6895074091026243, -0.4092878251001486, 0.14606850503894597, 77732000000, 
0.5465417265341609, -0.4756156110491187, 0.12835170303237878, 77936000000, 
0.4953554674873639, -0.6471731387175347, 0.11542697354160995, 78072000000, 
0.4953554674873639, -0.17062086348932323, 0.10248351076725924, 78072000000, 
0.33785008792080906, -0.5250179318885162, 0.08857073485970246, 78344000000, 
0.33785008792080906, -0.5250179318885162, 0.07807037622193214, 78344000000, 
0.35804889032993026, 0.06732934136373732, 0.06891660441143657, 78548000000, 
0.35804889032993026, 0.06732934136373732, 0.0702631912387113, 78548000000, 
0.40778794445871247, 0.1657968470959407, 0.07492571500790486, 78718000000, 
0.40778794445871247, 0.1657968470959407, 0.07824165194982369, 78718000000, 
0.25240643886581726, -0.5179383519763173, 0.07119882185221614, 78922000000, 
0.25240643886581726, -0.5179383519763173, 0.0608400548126898, 78922000000, 
0.19851474989756057, -0.1796389632275223, 0.04688850850861301, 79126000000, 
0.19851474989756057, -0.1796389632275223, 0.04329572924406256, 79126000000, 
0.05417747635618708, -0.48112424513791163, 0.03008046507675388, 79330000000, 
0.05417747635618708, -0.48112424513791163, 0.02045798017399565, 79330000000, 
0.08760220035448318, 0.11141574666098701, 0.013063810204457156, 79534000000, 
0.08760220035448318, 0.11141574666098701, 0.015292125137676896, 79534000000, 
0.1565183055846071, 0.22972035076707975, 0.022114847086238232, 79738000000, 
0.1565183055846071, 0.22972035076707975, 0.026709254101579826, 79738000000, 
-0.0989595195901255, -0.851592750582442, 0.01427180610527258, 79942000000, 
-0.0989595195901255, -0.851592750582442, -0.0027600489063762594, 79942000000, 
-0.1607848448962862, -0.20608441768720231, -0.023913592271769146, 80146000000, 
-0.1607848448962862, -0.20608441768720231, -0.028035280625513193, 80146000000, 
-0.3405609206710509, -0.5992535859158824, -0.04414204069757489, 80316000000, 
-0.3405609206710509, -0.5992535859158824, -0.056127112415892536, 80316000000, 
-0.34730826019483974, -0.022491131745962695, -0.06856200676912945, 80520000000, 
-0.34730826019483974, -0.022491131745962695, -0.0690118294040487, 80520000000, 
-0.33537831343078006, 0.03976648921353224, -0.0686663222546973, 80724000000, 
-0.33537831343078006, 0.03976648921353224, -0.06787099247042665, 80724000000, 
-0.510809598759175, -0.5847709510946497, -0.078771081708049, 80928000000, 
-0.510809598759175, -0.5847709510946497, -0.09046650072994199, 80928000000, 
-0.6220034367876397, -0.37064612676154907, -0.10957484228706597, 81132000000, 
-0.6220034367876397, -0.37064612676154907, -0.11698776482229696, 81132000000, 
-0.5692372456793733, 0.17588730369422137, -0.1208829412836435, 81336000000, 
-0.5692372456793733, 0.17588730369422137, -0.11736519520975908, 81336000000, 
-0.5428568462368668, 0.08793466480835492, -0.11208875583970755, 81540000000, 
-0.5428568462368668, 0.08793466480835492, -0.11033006254354046, 81540000000, 
-0.5704886260249356, -0.09210593262689581, -0.11041348789991128, 81744000000, 
-0.5704886260249356, -0.09210593262689581, -0.11225560655244919, 81744000000, 
-0.5869379371097813, -0.05483103694948569, -0.11519434594397682, 81948000000, 
-0.5869379371097813, -0.05483103694948569, -0.11629096668296653, 81948000000, 
-0.5020132456602348, 0.2830823048318217, -0.11172594132531982, 82118000000, 
-0.5020132456602348, 0.2830823048318217, -0.1060642952286834, 82118000000, 
-0.4526296409254429, 0.16461201578263954, -0.09711040881639416, 82322000000, 
-0.4526296409254429, 0.16461201578263954, -0.09381816850074136, 82322000000, 
-0.3745717654401579, 0.26019291828428326, -0.08532206981940291, 82526000000, 
-0.3745717654401579, 0.26019291828428326, -0.08011821145371725, 82526000000, 
-0.41024292272514196, -0.11890385761661348, -0.07729243024036385, 82730000000, 
-0.41024292272514196, -0.11890385761661348, -0.07967050739269613, 82730000000, 
-0.40348584723298403, 0.022523584973859756, -0.0815981128455512, 82934000000, 
-0.40348584723298403, 0.022523584973859756, -0.081147641146074, 82934000000, 
-0.26961038167776935, 0.4462515518507156, -0.07177213840958249, 83138000000, 
-0.26961038167776935, 0.4462515518507156, -0.06284710737256818, 83138000000, 
-0.2517988768882967, 0.05937168263157544, -0.05273464268292236, 83342000000, 
-0.2517988768882967, 0.05937168263157544, -0.05154720903029086, 83342000000, 
-0.12249111221717485, 0.4310258822370729, -0.04173925773291788, 83546000000, 
-0.12249111221717485, 0.4310258822370729, -0.033118740088176425, 83546000000, 
-0.18820569754991223, -0.2190486177757913, -0.028879194798950795, 83716000000, 
-0.18820569754991223, -0.2190486177757913, -0.03326016715446662, 83716000000, 
-0.09452385195943919, 0.31227281863491013, -0.03139568313728424, 83852000000, 
-0.09452385195943919, 0.31227281863491013, -0.02515022676458604, 83852000000, 
-0.06263141526738453, 0.10630812230684887, -0.01677860794575086, 84124000000, 
-0.06263141526738453, 0.10630812230684887, -0.014652445499613883, 84124000000, 
-0.10126892801841139, -0.12879170917008956, -0.015102117236878695, 84328000000, 
-0.10126892801841139, -0.12879170917008956, -0.01767795142028049, 84328000000, 
-0.056618247984956044, 0.14883560011151784, -0.01727707360145192, 84532000000, 
-0.056618247984956044, 0.14883560011151784, -0.014300361599221566, 84532000000, 
0.015767871731777766, 0.24128706572244604, -0.006497908282542288, 84736000000, 
0.015767871731777766, 0.24128706572244604, -0.0016721669680933675, 84736000000, 
0.04802307608074036, 0.1075173478298753, 0.005303921302953059, 84940000000, 
0.04802307608074036, 0.1075173478298753, 0.007454268259550565, 84940000000, 
0.048185730858101974, 0.0005421825912053924, 0.009615458867972179, 85144000000, 
0.048185730858101974, 0.0005421825912053924, 0.009626302519796287, 85144000000, 
0.07291724241676507, 0.08243837186221033, 0.011285913608864603, 85348000000, 
0.07291724241676507, 0.08243837186221033, 0.01293468104610881, 85348000000, 
0.09230097454079186, 0.06461244041342264, 0.015875697291621468, 85518000000, 
0.09230097454079186, 0.06461244041342264, 0.01716794609988992, 85518000000, 
0.11377146392495333, 0.07156829794720487, 0.019891560867102472, 85654000000, 
0.11377146392495333, 0.07156829794720487, 0.021322926826046567, 85654000000, 
0.35412395155851867, 0.8011749587785512, 0.038777791960561685, 85926000000, 
0.35412395155851867, 0.8011749587785512, 0.05480129113613271, 85926000000, 
0.3635609772016681, 0.03145675214383137, 0.07145392535458035, 86130000000, 
0.3635609772016681, 0.03145675214383137, 0.07208306039745699, 86130000000, 
0.2244418080618618, -0.46373056379935423, 0.06343758416434653, 86334000000, 
0.2244418080618618, -0.46373056379935423, 0.054162972888359445, 86334000000, 
0.18590790648843636, -0.12844633857808485, 0.04231943484081067, 86538000000, 
0.18590790648843636, -0.12844633857808485, 0.039750508069248965, 86538000000, 
0.22396599817457616, 0.126860305620466, 0.039718787410096594, 86742000000, 
0.22396599817457616, 0.126860305620466, 0.04225599352250591, 86742000000, 
0.44948023691925915, 0.7517141291489433, 0.0598274822178941, 86946000000, 
0.44948023691925915, 0.7517141291489433, 0.07486176480087296, 86946000000, 
0.42759932507120346, -0.07293637282685228, 0.08843731992731478, 87116000000, 
0.42759932507120346, -0.07293637282685228, 0.08697859247077773, 87116000000, 
0.4120352850949782, -0.05188013325408414, 0.08448226234915901, 87320000000, 
0.4120352850949782, -0.05188013325408414, 0.08344465968407733, 87320000000, 
0.4255729668552448, 0.04512560586755532, 0.08330956913634675, 87524000000, 
0.4255729668552448, 0.04512560586755532, 0.08421208125369786, 87524000000, 
0.42892517536848207, 0.011174028377457512, 0.0853380739385981, 87660000000, 
0.42892517536848207, 0.011174028377457512, 0.08556155450614726, 87660000000, 
0.35711520042869566, -0.23936658313262138, 0.080997703411044, 87932000000, 
0.35711520042869566, -0.23936658313262138, 0.07621037174839156, 87932000000, 
0.3326743897719273, -0.08146936885589447, 0.06979365270862123, 88136000000, 
0.3326743897719273, -0.08146936885589447, 0.06816426533150335, 88136000000, 
0.32192423088841327, -0.035833862945046834, 0.06581820069548452, 88340000000, 
0.32192423088841327, -0.035833862945046834, 0.06510152343658358, 88340000000, 
0.3266848525336171, 0.015868738817346184, 0.06470222095402958, 88544000000, 
0.3266848525336171, 0.015868738817346184, 0.0650195957303765, 88544000000, 
0.2483045237584871, -0.2612677625837667, 0.06011161525504809, 88748000000, 
0.2483045237584871, -0.2612677625837667, 0.05488626000337275, 88748000000, 
0.2088501885017322, -0.13151445085584967, 0.04703061573458043, 88918000000, 
0.2088501885017322, -0.13151445085584967, 0.04440032671746343, 88918000000, 
0.19766378918644023, -0.03728799771763991, 0.04102427774599364, 89122000000, 
0.19766378918644023, -0.03728799771763991, 0.04027851779164084, 89122000000, 
0.17312848210426157, -0.08178435694059553, 0.037897070698476136, 89326000000, 
0.17312848210426157, -0.08178435694059553, 0.036261383559664226, 89326000000, 
0.33229064505599204, 0.5305405431724349, 0.04523650728430101, 89530000000, 
0.33229064505599204, 0.5305405431724349, 0.05584731814774971, 89530000000, 
0.32271767162621023, -0.03190991143260602, 0.06581993078254629, 89734000000, 
0.32271767162621023, -0.03190991143260602, 0.06518173255389417, 89734000000, 
0.2899775279299893, -0.10913381232073638, 0.06236085807882732, 89938000000, 
0.2899775279299893, -0.10913381232073638, 0.06017818183241259, 89938000000, 
0.22342652025559717, -0.22183669224797384, 0.05355877174103839, 90142000000, 
0.22342652025559717, -0.22183669224797384, 0.04912203789607891, 90142000000, 
0.22363902532856295, 0.0007083502432192468, 0.04469947105598382, 90346000000, 
0.22363902532856295, 0.0007083502432192468, 0.0447136380608482, 90346000000, 
0.10745095316418041, -0.3872935738812751, 0.03698193358808709, 90516000000, 
0.10745095316418041, -0.3872935738812751, 0.029236062110461584, 90516000000, 
0.05565980539067539, -0.17263715924501674, 0.018037447447935746, 90720000000, 
0.05565980539067539, -0.17263715924501674, 0.014584704263035412, 90720000000, 
0.09698837478053601, 0.13776189796620208, 0.013887199037459119, 90924000000, 
0.09698837478053601, 0.13776189796620208, 0.01664243699678316, 90924000000, 
0.11034964930904323, 0.044537581761690724, 0.020288426591341016, 91128000000, 
0.11034964930904323, 0.044537581761690724, 0.02117917822657483, 91128000000, 
0.08811006046134895, -0.0741319628256476, 0.020587290605295693, 91332000000, 
0.08811006046134895, -0.0741319628256476, 0.019104651348782743, 91332000000, 
0.19057813876113827, 0.34156026099929776, 0.024453217312255745, 91536000000, 
0.19057813876113827, 0.34156026099929776, 0.0312844225322417, 91536000000, 
0.21540767774365777, 0.08276512994173164, 0.039770930351062286, 91740000000, 
0.21540767774365777, 0.08276512994173164, 0.04142623294989692, 91740000000, 
0.17287493981923951, -0.14177579308139418, 0.04024601968710367, 91944000000, 
0.17287493981923951, -0.14177579308139418, 0.03741050382547578, 91944000000, 
0.10440447764990846, -0.2282348738977702, 0.0300102904858925, 92148000000, 
0.10440447764990846, -0.2282348738977702, 0.025445593007937094, 92148000000, 
0.11832527820648364, 0.04640266852191729, 0.021808948900420035, 92318000000, 
0.11832527820648364, 0.04640266852191729, 0.022737002270858384, 92318000000, 
0.18133155059302242, 0.21002090795512926, 0.027865473800399315, 92522000000, 
0.18133155059302242, 0.21002090795512926, 0.0320658919595019, 92522000000, 
0.2109567884649337, 0.09875079290637097, 0.0382413259767319, 92726000000, 
0.2109567884649337, 0.09875079290637097, 0.04021634183485932, 92726000000, 
0.17290687738130006, -0.12683303694544548, 0.039654696954077834, 92930000000, 
0.17290687738130006, -0.12683303694544548, 0.037118036215168924, 92930000000, 
0.19047471977362873, 0.058559474641095566, 0.035752564969081926, 93134000000, 
0.19047471977362873, 0.058559474641095566, 0.03692375446190384, 93134000000, 
0.19897647690836484, 0.028339190449120366, 0.03866172776370815, 93338000000, 
0.19897647690836484, 0.028339190449120366, 0.03922851157269056, 93338000000, 
0.15770253510818666, -0.13757980600059394, 0.03704369926166109, 93542000000, 
0.15770253510818666, -0.13757980600059394, 0.03429210314164921, 93542000000, 
0.1055244896260672, -0.17392681827373155, 0.0280619706561627, 93746000000, 
0.1055244896260672, -0.17392681827373155, 0.02458343429068807, 93746000000, 
0.09758195442557871, -0.026475117334961624, 0.020575395578514205, 93916000000, 
0.09758195442557871, -0.026475117334961624, 0.020045893231814976, 93916000000, 
0.15424128821506722, 0.18886444596496169, 0.023293679804414977, 94120000000, 
0.15424128821506722, 0.18886444596496169, 0.02707096872371421, 94120000000, 
0.1441215399952307, -0.03373249406612174, 0.030173607761691007, 94324000000, 
0.1441215399952307, -0.03373249406612174, 0.029498957880368572, 94324000000, 
0.11947694751464022, -0.08214864160196826, 0.027181335167006774, 94528000000, 
0.11947694751464022, -0.08214864160196826, 0.02553836233496741, 94528000000, 
0.1123325778996791, -0.02381456538320374, 0.023419098195263967, 94732000000, 
0.1123325778996791, -0.02381456538320374, 0.022942806887599893, 94732000000, 
0.10774842084496372, -0.015280523515717922, 0.02216090510962146, 94936000000, 
0.10774842084496372, -0.015280523515717922, 0.0218552946393071, 94936000000, 
0.11264725921235419, 0.016329461224634894, 0.02187627339348544, 95140000000, 
0.11264725921235419, 0.016329461224634894, 0.02220286261797814, 95140000000, 
0.07952844559282868, -0.11039604539841837, 0.02032153093450247, 95344000000, 
0.07952844559282868, -0.11039604539841837, 0.018113610026534104, 95344000000, 
0.057009324379749815, -0.07506373737692955, 0.014404414371027144, 95548000000, 
0.057009324379749815, -0.07506373737692955, 0.012903139623488553, 95548000000, 
0.05679957037867722, -0.0006991800035753096, 0.011387881275878456, 95718000000, 
0.05679957037867722, -0.0006991800035753096, 0.011373897675806951, 95718000000, 
0.09107831942906186, 0.11426249683461547, 0.013645164012427753, 95922000000, 
0.09107831942906186, 0.11426249683461547, 0.01593041394912006, 95922000000, 
0.08064425086740168, -0.034780228538867274, 0.017520059315035027, 96126000000, 
0.08064425086740168, -0.034780228538867274, 0.016824454744257682, 96126000000, 
0.035851023366089585, -0.149310758337707, 0.013142635006726196, 96330000000, 
0.035851023366089585, -0.149310758337707, 0.010156419839972057, 96330000000, 
-0.005165377969613472, -0.13672133778567686, 0.00443577791750438, 96534000000, 
-0.005165377969613472, -0.13672133778567686, 0.0017013511617908427, 96534000000, 
0.016129391618923572, 0.07098256529512348, 0.00038657571197977527, 96738000000, 
0.016129391618923572, 0.07098256529512348, 0.0018062270178822448, 96738000000, 
0.011678698053349201, -0.014835645218581236, 0.00292916541941309, 96942000000, 
0.011678698053349201, -0.014835645218581236, 0.0026324525150414647, 96942000000, 
0.03807885346882789, 0.08800051805159563, 0.004095749971701753, 97078000000, 
0.03807885346882789, 0.08800051805159563, 0.005855760332733665, 97078000000, 
0.03733135307976587, -0.0024916679635400563, 0.0075659373344947765, 97316000000, 
0.03733135307976587, -0.0024916679635400563, 0.007516103975223975, 97316000000, 
0.020324920992822237, -0.05668810695647878, 0.0063325084768235985, 97520000000, 
0.020324920992822237, -0.05668810695647878, 0.005198746337694023, 97520000000, 
0.027840963602729252, 0.025053475366356714, 0.004566053705891582, 97724000000, 
0.027840963602729252, 0.025053475366356714, 0.005067123213218716, 97724000000, 
-0.017623284086580204, -0.15154749229769818, 0.0025372428745918866, 97928000000, 
-0.017623284086580204, -0.15154749229769818, -0.0004937069713620772, 97928000000, 
0.006980822714536705, 0.08201368933705637, -0.0018843830305749136, 98132000000, 
0.006980822714536705, 0.08201368933705637, -0.00024410924383378625, 98132000000, 
0.003685139702011231, -0.010985610041751581, 0.0011764523420723094, 98336000000, 
0.003685139702011231, -0.010985610041751581, 0.0009567401412372778, 98336000000, 
0.04830588263005997, 0.14873580976016246, 0.0037117441356054955, 98540000000, 
0.04830588263005997, 0.14873580976016246, 0.006686460330808745, 98540000000, 
0.0028592088394006065, -0.15148891263553121, 0.0066313982733013695, 98744000000, 
0.0028592088394006065, -0.15148891263553121, 0.0036016200205907455, 98744000000, 
-0.0058752426154924375, -0.029114838182976815, -1.0454995779414963e-05, 98948000000, 
-0.0058752426154924375, -0.029114838182976815, -0.0005927517594389513, 98948000000, 
-0.019819260724446952, -0.04648006036318172, -0.0021046497303621216, 99118000000, 
-0.019819260724446952, -0.04648006036318172, -0.003034250937625756, 99118000000, 
-0.02231478583189439, -0.008318417024824795, -0.004130220485385886, 99322000000, 
-0.02231478583189439, -0.008318417024824795, -0.004296588825882382, 99322000000, 
0.04884080820391712, 0.23718531345270502, 0.00028074910267522255, 99526000000, 
0.04884080820391712, 0.23718531345270502, 0.005024455371729323, 99526000000, 
0.007342070933576528, -0.13832912423446864, 0.007001579156094051, 99730000000, 
0.007342070933576528, -0.13832912423446864, 0.004234996671404678, 99730000000, 
-0.04259316398246815, -0.16645078305348227, -0.0018606014743543398, 99934000000, 
-0.04259316398246815, -0.16645078305348227, -0.005189617135423985, 99934000000, 
-0.0011881025996778316, 0.13801687127596773, -0.005758295370974276, 100138000000, 
-0.0011881025996778316, 0.13801687127596773, -0.002997957945454921, 100138000000, 
-0.02928844754311344, -0.09366781647811868, -0.00211097684949794, 100342000000, 
-0.02928844754311344, -0.09366781647811868, -0.003984333179060314, 100342000000, 
-0.035695866413602007, -0.02135806290162856, -0.006284850766655259, 100546000000, 
-0.035695866413602007, -0.02135806290162856, -0.00671201202468783, 100546000000, 
-0.01020130592752766, 0.0849818682869145, -0.0054395359169821115, 100716000000, 
-0.01020130592752766, 0.0849818682869145, -0.0037398985512438216, 100716000000, 
-0.017065748332934616, -0.022881474684689856, -0.002497890679199329, 100920000000, 
-0.017065748332934616, -0.022881474684689856, -0.002955520172893126, 100920000000, 
0.00234149447377785, 0.06469080935570821, -0.002119333479472759, 101124000000, 
0.00234149447377785, 0.06469080935570821, -0.0008255172923585944, 101124000000, 
0.002896826880963488, 0.0018511080239521267, 0.0005053210552346124, 101328000000, 
0.002896826880963488, 0.0018511080239521267, 0.000542343215713655, 101328000000, 
-0.02108803444888485, -0.07994953776616114, -0.001019625379130525, 101532000000, 
-0.02108803444888485, -0.07994953776616114, -0.0026186161344537474, 101532000000, 
-0.00043857121601487137, 0.0688315441095666, -0.002840976007585638, 101736000000, 
-0.00043857121601487137, 0.0688315441095666, -0.0014643451253943062, 101736000000, 
0.032098672705981324, 0.10845747973998732, 0.002081435351596772, 101940000000, 
0.032098672705981324, 0.10845747973998732, 0.004250584946396518, 101940000000, 
-0.022903109629830665, -0.18333927445270662, 0.002752949052142132, 102144000000, 
-0.022903109629830665, -0.18333927445270662, -0.0009138364369120004, 102144000000, 
-0.014452524486795904, 0.028168617143449204, -0.004017249583097149, 102348000000, 
-0.014452524486795904, 0.028168617143449204, -0.0034538772402281648, 102348000000, 
-0.0012694533037096445, 0.04394357061028753, -0.00201163348515343, 102518000000, 
-0.0012694533037096445, 0.04394357061028753, -0.0011327620729476794, 102518000000, 
0.019266437058632402, 0.06845296787447348, 0.0011151686967475409, 102722000000, 
0.019266437058632402, 0.06845296787447348, 0.0024842280542370105, 102722000000, 
-0.2720266623197607, -0.970976997927977, -0.015566252546833059, 102926000000, 
-0.2720266623197607, -0.970976997927977, -0.0349857925053926, 102926000000, 
-0.3129812860208112, -0.13651541233683506, -0.057135640710688836, 103130000000, 
-0.3129812860208112, -0.13651541233683506, -0.05986594895742554, 103130000000, 
-0.27786454026022867, 0.11705581920194182, -0.060255140820123405, 103334000000, 
-0.27786454026022867, 0.11705581920194182, -0.057914024436084566, 103334000000, 
-0.18430895208500608, 0.31185196058407527, -0.04933586884036423, 103538000000, 
-0.18430895208500608, 0.31185196058407527, -0.04309882962868272, 103538000000, 
-0.12454879161496679, 0.19920053490013098, -0.0328777797189986, 103742000000, 
-0.12454879161496679, 0.19920053490013098, -0.02889376902099598, 103742000000, 
-0.10353095942617996, 0.07005944062928944, -0.02350856951040757, 103946000000, 
-0.10353095942617996, 0.07005944062928944, -0.02210738069782178, 103946000000, 
-0.1656014281856366, -0.20690156253152217, -0.024844223135866435, 104116000000, 
-0.1656014281856366, -0.20690156253152217, -0.02898225438649688, 104116000000, 
-0.14269781566667317, 0.07634537506321148, -0.03159337813586309, 104320000000, 
-0.14269781566667317, 0.07634537506321148, -0.03006647063459886, 104320000000, 
-0.12770587291627056, 0.04997314250134203, -0.027540100283307792, 104524000000, 
-0.12770587291627056, 0.04997314250134203, -0.02654063743328095, 104524000000, 
-0.06470195830002368, 0.21001304872082294, -0.021340913608837653, 104728000000, 
-0.06470195830002368, 0.21001304872082294, -0.017140652634421195, 104728000000, 
0.035697625652144405, 0.33466527984056027, -0.00624708606319353, 104932000000, 
0.035697625652144405, 0.33466527984056027, 0.0004462195336176755, 104932000000, 
0.023839436197352182, -0.039527298182640745, 0.006348979166776066, 105136000000, 
0.023839436197352182, -0.039527298182640745, 0.0055584332031232515, 105136000000, 
-0.010408422696635, -0.11415952964662394, 0.0024846966465379575, 105340000000, 
-0.010408422696635, -0.11415952964662394, 0.00020150605360547876, 105340000000, 
-0.05355678194167335, -0.14382786415012783, -0.004958241822329556, 105544000000, 
-0.05355678194167335, -0.14382786415012783, -0.007834799105332113, 105544000000, 
-0.018809307029667988, 0.1158249163733512, -0.008394858060867646, 105748000000, 
-0.018809307029667988, 0.1158249163733512, -0.006078359733400622, 105748000000, 
-0.04186001228775038, -0.07683568419360798, -0.005298575089805757, 105918000000, 
-0.04186001228775038, -0.07683568419360798, -0.006835288773677916, 105918000000, 
-0.02438025141392597, 0.05826586957941471, -0.007206685065961782, 106122000000, 
-0.02438025141392597, 0.05826586957941471, -0.006041367674373488, 106122000000, 
-0.012319617475999411, 0.04020211312642186, -0.004072008020256757, 106326000000, 
-0.012319617475999411, 0.04020211312642186, -0.003267965757728319, 106326000000, 
-0.00915043627055745, 0.010563937351473207, -0.0022526447481704182, 106530000000, 
-0.00915043627055745, 0.010563937351473207, -0.002041366001140954, 106530000000, 
-0.01717384621094853, -0.0267446998013036, -0.0023649812501375616, 106734000000, 
-0.01717384621094853, -0.0267446998013036, -0.002899875246163634, 106734000000, 
-0.04036295004578516, -0.07729701278278878, -0.004980709497845482, 106938000000, 
-0.04036295004578516, -0.07729701278278878, -0.006526649753501257, 106938000000, 
0.04863163254164493, 0.296648608624767, -0.002139617836661693, 107142000000, 
0.04863163254164493, 0.296648608624767, 0.0037933543358336466, 107142000000, 
0.036618310089525874, -0.040044408173730194, 0.008925438344854382, 107346000000, 
0.036618310089525874, -0.040044408173730194, 0.008124550181379779, 107346000000, 
0.05158119734090527, 0.049876290837931325, 0.0083211878346638, 107516000000, 
0.05158119734090527, 0.049876290837931325, 0.009318713651422427, 107516000000, 
0.036999161876530406, -0.04860678488124955, 0.009344103770556063, 107720000000, 
0.036999161876530406, -0.04860678488124955, 0.008371968072931071, 107720000000, 
0.015165358059077594, -0.07277934605817604, 0.00594424545414256, 107924000000, 
0.015165358059077594, -0.07277934605817604, 0.00448865853297904, 107924000000, 
-0.014013147286549454, -0.0972616844854235, 0.0010878379221070488, 108128000000, 
-0.014013147286549454, -0.0972616844854235, -0.000857395767601421, 108128000000, 
0.006734220116603851, 0.06915789134384435, -0.0014194716304330038, 108332000000, 
0.006734220116603851, 0.06915789134384435, -3.631380355611687e-05, 108332000000, 
0.06024935754670424, 0.17838379143366798, 0.00491451985199413, 108468000000, 
0.06024935754670424, 0.17838379143366798, 0.008482195680667489, 108468000000, 
0.008869523740281382, -0.1712661126880762, 0.008624549255579324, 108740000000, 
0.008869523740281382, -0.1712661126880762, 0.0051992270018178, 108740000000, 
-0.0069704499502099004, -0.05279991230163761, 0.0007179065020235242, 108944000000, 
-0.0069704499502099004, -0.05279991230163761, -0.0003380917440092279, 108944000000, 
-0.0069704499502099004, 0.0, -0.00139408999004198, 108944000000, 
0.010493835970678989, 0.058214286402962966, -0.00022980426198272082, 109148000000, 
-0.00625275000266301, 0.0023923331584896346, -0.00018195759881292812, 109318000000, 
-0.00625275000266301, -0.05582195324447333, -0.00013411093564313543, 109318000000, 
0.04258842101396709, 0.16280390338876702, 0.002005528067242738, 109522000000, 
0.04258842101396709, 0.16280390338876702, 0.005261606135018079, 109522000000, 
0.017799589958863216, -0.08262943685034625, 0.0068650954657864935, 109726000000, 
0.017799589958863216, -0.08262943685034625, 0.005212506728779568, 109726000000, 
-0.02143831112865091, -0.1307930036250471, 0.0009440579192717013, 109930000000, 
-0.02143831112865091, -0.1307930036250471, -0.0016718021532292403, 109930000000, 
-0.2241598921344854, -0.6757386033527816, -0.017802434292785815, 110134000000, 
-0.2241598921344854, -0.6757386033527816, -0.03131720635984145, 110134000000, 
-0.17508308810273276, 0.16358934677250878, -0.0415601914914469, 110338000000, 
-0.17508308810273276, 0.16358934677250878, -0.038288404555996726, 110338000000, 
-0.14571032498369973, 0.09790921039677676, -0.03305843341261102, 110474000000, 
-0.14571032498369973, 0.09790921039677676, -0.03110024920467548, 110474000000, 
-0.07710593406731436, 0.2286813030546179, -0.02456843893564759, 110746000000, 
-0.07710593406731436, 0.2286813030546179, -0.01999481287455523, 110746000000, 
-0.08171764862852049, -0.015372381870687088, -0.015728634450876616, 110916000000, 
-0.08171764862852049, -0.015372381870687088, -0.016036082088290354, 110916000000, 
-0.06862880341759903, 0.043629484036404875, -0.015470940044976, 111120000000, 
-0.06862880341759903, 0.043629484036404875, -0.014598350364247902, 111120000000, 
-0.06668652436870559, 0.006474263496311454, -0.013596275413593576, 111324000000, 
-0.06668652436870559, 0.006474263496311454, -0.013466790143667346, 111324000000, 
-0.09740896577429492, -0.10240813801863109, -0.01538546763411374, 111528000000, 
-0.09740896577429492, -0.10240813801863109, -0.017433630394486362, 111528000000, 
-0.0756662406266313, 0.07247575049221207, -0.018032278145014742, 111732000000, 
-0.0756662406266313, 0.07247575049221207, -0.0165827631351705, 111732000000, 
-0.04608755051498248, 0.09859563370549607, -0.013161335451216338, 111936000000, 
-0.04608755051498248, 0.09859563370549607, -0.011189422777106417, 111936000000, 
-0.07543721330206443, -0.09783220929027318, -0.011174154288801958, 112140000000, 
-0.07543721330206443, -0.09783220929027318, -0.013130798474607422, 112140000000, 
-0.025508852683644223, 0.16642786872806736, -0.011758885285851539, 112276000000, 
-0.025508852683644223, 0.16642786872806736, -0.008430327911290192, 112276000000, 
-0.025508852683644223, 0.0, -0.005101770536728845, 112276000000, 
-0.013089011029264741, 0.04139947218126494, -0.004273781093103546, 112548000000, 
-0.005175571758289976, 0.06777760308451415, -0.0029182290314132627, 112718000000, 
-0.005175571758289976, 0.026378130903249215, -0.0015626769697229795, 112718000000, 
-0.03017647653199007, -0.08333634924566698, -0.002701841336571335, 112922000000, 
-0.03017647653199007, -0.08333634924566698, -0.004368568321484675, 112922000000, 
-0.044187746517043935, -0.046704233283512885, -0.006969379972068272, 113126000000, 
-0.044187746517043935, -0.046704233283512885, -0.00790346463773853, 113126000000, 
0.00011536826018554436, 0.1476770492574316, -0.005884008318260155, 113330000000, 
0.00011536826018554436, 0.1476770492574316, -0.002930467333111523, 113330000000, 
0.027629119157618343, 0.09171250299144267, 0.0018573237118659621, 113534000000, 
0.027629119157618343, 0.09171250299144267, 0.0036915737716948153, 113534000000, 
-0.012976084114643793, -0.13535067757420713, 0.002818810280039526, 113738000000, 
-0.012976084114643793, -0.13535067757420713, 0.00011179672855538373, 113738000000, 
-0.015472989851227803, -0.008323019121946698, -0.0027616772053676926, 113942000000, 
-0.015472989851227803, -0.008323019121946698, -0.0029281375878066267, 113942000000, 
-0.015472989851227803, 0.0, -0.0030945979702455607, 113942000000, 
-0.03362787934103317, -0.060516298299351234, -0.004304923936232585, 114146000000, 
-0.039765913991895774, -0.08097641380222657, -0.005924452212277116, 114316000000, 
-0.039765913991895774, -0.020460115502875336, -0.007543980488321648, 114316000000, 
-0.023522700864072377, 0.05414404375941132, -0.006870301923190928, 114520000000, 
-0.023522700864072377, 0.05414404375941132, -0.005787421048002702, 114520000000, 
-0.0036084817676063086, 0.06638073032155356, -0.003376925566383404, 114724000000, 
-0.0036084817676063086, 0.06638073032155356, -0.002049310959952333, 114724000000, 
-0.037994233521885024, -0.11461917251426239, -0.0030140798038065094, 114928000000, 
-0.037994233521885024, -0.11461917251426239, -0.005306463254091757, 114928000000, 
0.008676335524316459, 0.15556856348733827, -0.004487475434630239, 115132000000, 
0.008676335524316459, 0.15556856348733827, -0.0013761041648834738, 115132000000, 
-0.004210336733261544, -0.04295557419192667, 0.0008761556210247582, 115336000000, 
-0.004210336733261544, -0.04295557419192667, 1.7044137186224736e-05, 115336000000, 
-0.004618931975355789, -0.0013619841403141504, -0.0008693070294585918, 115540000000, 
-0.004618931975355789, -0.0013619841403141504, -0.0008965467122648748, 115540000000, 
0.006593964859757939, 0.037376322783712425, -0.00017625993939690923, 115744000000, 
0.006593964859757939, 0.037376322783712425, 0.0005712665162773393, 115744000000, 
0.006593964859757939, 0.0, 0.0013187929719515878, 115744000000, 
-0.021473106353317784, -0.09355690404358574, -0.000552345108920127, 115948000000, 
0.04261691241567722, 0.12007649185306428, 0.0018491847281411585, 116118000000, 
0.04261691241567722, 0.21363339589665, 0.004250714565202444, 116118000000, 
0.005037883433170132, -0.1252634299416903, 0.006018113884301638, 116322000000, 
0.005037883433170132, -0.1252634299416903, 0.003512845285467832, 116322000000, 
-0.01323987027131679, -0.06092584568162307, -0.00021094022699843506, 116526000000, 
-0.01323987027131679, -0.06092584568162307, -0.0014294571406308965, 116526000000, 
0.011424394316093656, 0.08221421529136815, -0.001003689748435995, 116730000000, 
0.011424394316093656, 0.08221421529136815, 0.0006405945573913682, 116730000000, 
0.045458857078390924, 0.11344820920765757, 0.004553843047371883, 116934000000, 
0.045458857078390924, 0.11344820920765757, 0.006822807231525034, 116934000000, 
0.0034404264076079993, -0.14006143556927642, 0.006290542704292656, 117138000000, 
0.0034404264076079993, -0.14006143556927642, 0.003489313992907128, 117138000000, 
0.008970222302351116, 0.018432652982477055, 0.001056738341171141, 117342000000, 
0.008970222302351116, 0.018432652982477055, 0.001425391400820682, 117342000000, 
0.008970222302351116, 0.0, 0.0017940444604702232, 117342000000, 
0.016695978574717607, 0.025752520907888304, 0.002309094878627989, 117546000000, 
